,id,name,symbol,slug,num_market_pairs,date_added,tags,max_supply,circulating_supply,total_supply,platform,cmc_rank,self_reported_circulating_supply,self_reported_market_cap,tvl_ratio,last_updated,quote.USD.price,quote.USD.volume_24h,quote.USD.volume_change_24h,quote.USD.percent_change_1h,quote.USD.percent_change_24h,quote.USD.percent_change_7d,quote.USD.percent_change_30d,quote.USD.percent_change_60d,quote.USD.percent_change_90d,quote.USD.market_cap,quote.USD.market_cap_dominance,quote.USD.fully_diluted_market_cap,quote.USD.tvl,quote.USD.last_updated,platform.id,platform.name,platform.symbol,platform.slug,platform.token_address,Timestamp
0,1,Bitcoin,BTC,bitcoin,9648,2013-04-28T00:00:00.000Z,"['mineable', 'pow', 'sha-256', 'store-of-value', 'state-channel', 'coinbase-ventures-portfolio', 'three-arrows-capital-portfolio', 'polychain-capital-portfolio', 'binance-labs-portfolio', 'blockchain-capital-portfolio', 'boostvc-portfolio', 'cms-holdings-portfolio', 'dcg-portfolio', 'dragonfly-capital-portfolio', 'electric-capital-portfolio', 'fabric-ventures-portfolio', 'framework-ventures-portfolio', 'galaxy-digital-portfolio', 'huobi-capital-portfolio', 'alameda-research-portfolio', 'a16z-portfolio', '1confirmation-portfolio', 'winklevoss-capital-portfolio', 'usv-portfolio', 'placeholder-ventures-portfolio', 'pantera-capital-portfolio', 'multicoin-capital-portfolio', 'paradigm-portfolio']",21000000.0,19109012.0,19109012.0,,1,,,,2022-08-01T02:58:00.000Z,23428.5931509925,23332568019.78872,-15.859,0.06201878,-1.55067465,6.59124751,22.19207928,-21.42016254,-39.01667998,447697267665.4335,41.0804,492000456170.84,,2022-08-01T02:58:00.000Z,,,,,,2022-07-31 22:58:42.181918
1,1027,Ethereum,ETH,ethereum,5869,2015-08-07T00:00:00.000Z,"['mineable', 'pow', 'smart-contracts', 'ethereum-ecosystem', 'coinbase-ventures-portfolio', 'three-arrows-capital-portfolio', 'polychain-capital-portfolio', 'binance-labs-portfolio', 'blockchain-capital-portfolio', 'boostvc-portfolio', 'cms-holdings-portfolio', 'dcg-portfolio', 'dragonfly-capital-portfolio', 'electric-capital-portfolio', 'fabric-ventures-portfolio', 'framework-ventures-portfolio', 'hashkey-capital-portfolio', 'kenetic-capital-portfolio', 'huobi-capital-portfolio', 'alameda-research-portfolio', 'a16z-portfolio', '1confirmation-portfolio', 'winklevoss-capital-portfolio', 'usv-portfolio', 'placeholder-ventures-portfolio', 'pantera-capital-portfolio', 'multicoin-capital-portfolio', 'paradigm-portfolio', 'injective-ecosystem', 'bnb-chain']",,121780057.874,121780057.874,,2,,,,2022-08-01T02:57:00.000Z,1693.7668775456884,14304595485.909218,-3.3293,-0.0195324,-0.17425143,11.1717486,62.27116769,-7.36062557,-40.40830049,206267028372.57822,18.9287,206267028372.58,,2022-08-01T02:57:00.000Z,,,,,,2022-07-31 22:58:42.181918
2,825,Tether,USDT,tether,36794,2015-02-25T00:00:00.000Z,"['payments', 'stablecoin', 'asset-backed-stablecoin', 'avalanche-ecosystem', 'solana-ecosystem', 'arbitrum-ecosytem', 'moonriver-ecosystem', 'injective-ecosystem', 'bnb-chain', 'usd-stablecoin']",,66197977707.256714,68158976390.68304,,3,,,,2022-08-01T02:57:00.000Z,1.0002930457256693,52005055121.24198,-7.9542,-0.00039692,0.00374646,0.02176903,0.13758164,0.10645636,0.02012901,66217376741.67178,6.0766,68178950087.38,,2022-08-01T02:57:00.000Z,1027.0,Ethereum,ETH,ethereum,0xdac17f958d2ee523a2206206994597c13d831ec7,2022-07-31 22:58:42.181918
3,3408,USD Coin,USDC,usd-coin,4988,2018-10-08T00:00:00.000Z,"['medium-of-exchange', 'stablecoin', 'asset-backed-stablecoin', 'fantom-ecosystem', 'arbitrum-ecosytem', 'moonriver-ecosystem', 'bnb-chain', 'usd-stablecoin']",,54492630960.73325,54492630960.73325,,4,,,,2022-08-01T02:57:00.000Z,0.9998300975433512,6619374233.070784,-1.2488,-0.01979571,-0.01912576,-0.01011972,-0.04007935,-0.04515026,-0.00041743,54483372528.86377,5.0003,54483372528.86,,2022-08-01T02:57:00.000Z,1027.0,Ethereum,ETH,ethereum,0xa0b86991c6218b36c1d19d4a2e9eb0ce3606eb48,2022-07-31 22:58:42.181918
4,1839,BNB,BNB,bnb,1043,2017-07-25T00:00:00.000Z,"['marketplace', 'centralized-exchange', 'payments', 'smart-contracts', 'alameda-research-portfolio', 'multicoin-capital-portfolio', 'moonriver-ecosystem', 'bnb-chain']",200000000.0,161337261.09,161337261.09,,5,,,,2022-08-01T02:57:00.000Z,287.92069108613606,1297008513.2969136,-15.7869,-0.09382874,-1.74670204,12.68495013,34.205733,-4.68058037,-26.27621028,46452335710.97717,4.2628,57584138217.23,,2022-08-01T02:57:00.000Z,,,,,,2022-07-31 22:58:42.181918
5,52,XRP,XRP,xrp,780,2013-08-04T00:00:00.000Z,"['medium-of-exchange', 'enterprise-solutions', 'binance-chain', 'arrington-xrp-capital-portfolio', 'galaxy-digital-portfolio', 'a16z-portfolio', 'pantera-capital-portfolio']",100000000000.0,48343101197.0,99989535142.0,,6,,,,2022-08-01T02:58:00.000Z,0.3820799357201497,1393399149.205779,-21.5475,-0.61257858,-2.29829453,9.55403555,22.69462925,-3.86001468,-38.41604692,18470928997.862453,1.6949,38207993572.01,,2022-08-01T02:58:00.000Z,,,,,,2022-07-31 22:58:42.181918
6,4687,Binance USD,BUSD,binance-usd,4179,2019-09-20T00:00:00.000Z,"['stablecoin', 'asset-backed-stablecoin', 'binance-chain', 'harmony-ecosystem', 'moonriver-ecosystem', 'bnb-chain', 'usd-stablecoin']",,17858623534.199257,17858623534.199257,,7,,,,2022-08-01T02:58:00.000Z,0.9994181791727252,6059999471.569966,-5.9089,0.01537222,0.00536371,-0.16924873,-0.01620075,-0.08364106,-0.1336098,17848233015.0806,1.6378,17848233015.08,,2022-08-01T02:58:00.000Z,1839.0,BNB,BNB,bnb,BUSD-BD1,2022-07-31 22:58:42.181918
7,2010,Cardano,ADA,cardano,526,2017-10-01T00:00:00.000Z,"['mineable', 'dpos', 'pos', 'platform', 'research', 'smart-contracts', 'staking', 'cardano-ecosystem', 'cardano', 'bnb-chain']",45000000000.0,33934048405.593,34512850428.993,,8,,,,2022-08-01T02:57:00.000Z,0.5225959270146359,867089340.4814806,-27.2385,-0.32614017,-1.52284269,5.80428028,16.98640685,-8.34002224,-33.34406768,17733795483.880398,1.6273,23516816715.66,,2022-08-01T02:57:00.000Z,,,,,,2022-07-31 22:58:42.181918
8,5426,Solana,SOL,solana,352,2020-04-10T00:00:00.000Z,"['pos', 'platform', 'solana-ecosystem', 'cms-holdings-portfolio', 'kenetic-capital-portfolio', 'alameda-research-portfolio', 'multicoin-capital-portfolio', 'okex-blockdream-ventures-portfolio']",,346159144.52234894,511616946.142289,,9,,,,2022-08-01T02:57:00.000Z,42.827862557847844,1317722607.2671993,-31.0836,-0.10691428,-1.33160691,10.469742,32.78861489,7.9400536,-51.33420695,14825256264.745348,1.3604,21911460251.65,,2022-08-01T02:57:00.000Z,,,,,,2022-07-31 22:58:42.181918
9,74,Dogecoin,DOGE,dogecoin,515,2013-12-15T00:00:00.000Z,"['mineable', 'pow', 'scrypt', 'medium-of-exchange', 'memes', 'payments', 'doggone-doggerel', 'bnb-chain']",,132670764299.89409,132670764299.89409,,10,,,,2022-08-01T02:58:00.000Z,0.06993179291231175,547660083.9044558,-26.2004,0.80703914,-0.29825192,8.09725692,5.65407164,-13.59133043,-46.78153801,9277904414.538315,0.8514,9277904414.54,,2022-08-01T02:58:00.000Z,,,,,,2022-07-31 22:58:42.181918
10,6636,Polkadot,DOT,polkadot-new,369,2020-08-19T00:00:00.000Z,"['substrate', 'polkadot', 'binance-chain', 'polkadot-ecosystem', 'three-arrows-capital-portfolio', 'polychain-capital-portfolio', 'arrington-xrp-capital-portfolio', 'blockchain-capital-portfolio', 'boostvc-portfolio', 'cms-holdings-portfolio', 'coinfund-portfolio', 'fabric-ventures-portfolio', 'fenbushi-capital-portfolio', 'hashkey-capital-portfolio', 'kenetic-capital-portfolio', '1confirmation-portfolio', 'placeholder-ventures-portfolio', 'pantera-capital-portfolio', 'exnetwork-capital-portfolio', 'web3', 'spartan-group', 'injective-ecosystem', 'bnb-chain']",,987579314.957085,1103303471.382273,,11,904869778.0,8015927019.7299795,,2022-08-01T02:58:00.000Z,8.858652609049763,1012488473.463509,23.1057,0.32406811,7.55941462,25.20810747,33.13910091,-6.61154911,-41.20177208,8748622075.088158,0.8029,9773782175.33,,2022-08-01T02:58:00.000Z,,,,,,2022-07-31 22:58:42.181918
11,3890,Polygon,MATIC,polygon,432,2019-04-28T00:00:00.000Z,"['platform', 'enterprise-solutions', 'scaling', 'state-channel', 'coinbase-ventures-portfolio', 'binance-launchpad', 'binance-labs-portfolio', 'polygon-ecosystem', 'moonriver-ecosystem', 'injective-ecosystem', 'bnb-chain']",10000000000.0,8034803942.62,10000000000.0,,12,,,,2022-08-01T02:57:00.000Z,0.9303205102410121,993701166.1044139,-1.394,-0.60113141,-4.57151308,8.60714182,106.14051834,54.68619241,-14.247978,7474942903.584734,0.686,9303205102.41,,2022-08-01T02:57:00.000Z,,,,,,2022-07-31 22:58:42.181918
12,4943,Dai,DAI,multi-collateral-dai,1050,2019-11-22T00:00:00.000Z,"['defi', 'stablecoin', 'ethereum-ecosystem', 'avalanche-ecosystem', 'polygon-ecosystem', 'fantom-ecosystem', 'arbitrum-ecosytem', 'harmony-ecosystem', 'moonriver-ecosystem', 'bnb-chain', 'usd-stablecoin']",,7439242447.457701,7439242447.457701,,13,,,,2022-08-01T02:57:00.000Z,0.9998251386380504,1267293427.692467,201.7788,0.01038498,0.06221377,0.016831,0.03093588,-0.05694987,0.01505019,7437941611.391465,0.6825,7437941611.39,,2022-08-01T02:57:00.000Z,1027.0,Ethereum,ETH,ethereum,0x6b175474e89094c44da98b954eedeac495271d0f,2022-07-31 22:58:42.181918
13,5805,Avalanche,AVAX,avalanche,290,2020-07-13T00:00:00.000Z,"['defi', 'smart-contracts', 'three-arrows-capital-portfolio', 'polychain-capital-portfolio', 'avalanche-ecosystem', 'cms-holdings-portfolio', 'dragonfly-capital-portfolio', 'moonriver-ecosystem', 'injective-ecosystem', 'bnb-chain']",720000000.0,284343588.03058505,404229626.49901325,,14,,,,2022-08-01T02:57:00.000Z,23.995139604291627,568754860.469579,-22.4278,-0.38092403,-1.87038544,7.54560099,48.12607698,2.7625221,-60.86069289,6822864090.379074,0.6261,17276500515.09,,2022-08-01T02:57:00.000Z,,,,,,2022-07-31 22:58:42.181918
14,5994,Shiba Inu,SHIB,shiba-inu,379,2020-08-01T00:00:00.000Z,"['memes', 'ethereum-ecosystem', 'doggone-doggerel']",,549063278876301.94,589735030408322.8,,15,,,,2022-08-01T02:57:00.000Z,1.2242374750602844e-05,526807404.09119874,-22.3844,1.07898996,2.00080765,9.17168571,23.30851042,12.39148316,-41.2919009,6721838421.798447,0.6168,7219757245.82,,2022-08-01T02:57:00.000Z,1027.0,Ethereum,ETH,ethereum,0x95ad61b0a150d79219dcf64e1e6cc01f0b64c4ce,2022-07-31 22:58:42.181918
0,1,Bitcoin,BTC,bitcoin,9648,2013-04-28T00:00:00.000Z,"['mineable', 'pow', 'sha-256', 'store-of-value', 'state-channel', 'coinbase-ventures-portfolio', 'three-arrows-capital-portfolio', 'polychain-capital-portfolio', 'binance-labs-portfolio', 'blockchain-capital-portfolio', 'boostvc-portfolio', 'cms-holdings-portfolio', 'dcg-portfolio', 'dragonfly-capital-portfolio', 'electric-capital-portfolio', 'fabric-ventures-portfolio', 'framework-ventures-portfolio', 'galaxy-digital-portfolio', 'huobi-capital-portfolio', 'alameda-research-portfolio', 'a16z-portfolio', '1confirmation-portfolio', 'winklevoss-capital-portfolio', 'usv-portfolio', 'placeholder-ventures-portfolio', 'pantera-capital-portfolio', 'multicoin-capital-portfolio', 'paradigm-portfolio']",21000000.0,19109012.0,19109012.0,,1,,,,2022-08-01T02:58:00.000Z,23428.5931509925,23332568019.78872,-15.859,0.06201878,-1.55067465,6.59124751,22.19207928,-21.42016254,-39.01667998,447697267665.4335,41.0804,492000456170.84,,2022-08-01T02:58:00.000Z,,,,,,2022-07-31 22:58:52.475899
1,1027,Ethereum,ETH,ethereum,5869,2015-08-07T00:00:00.000Z,"['mineable', 'pow', 'smart-contracts', 'ethereum-ecosystem', 'coinbase-ventures-portfolio', 'three-arrows-capital-portfolio', 'polychain-capital-portfolio', 'binance-labs-portfolio', 'blockchain-capital-portfolio', 'boostvc-portfolio', 'cms-holdings-portfolio', 'dcg-portfolio', 'dragonfly-capital-portfolio', 'electric-capital-portfolio', 'fabric-ventures-portfolio', 'framework-ventures-portfolio', 'hashkey-capital-portfolio', 'kenetic-capital-portfolio', 'huobi-capital-portfolio', 'alameda-research-portfolio', 'a16z-portfolio', '1confirmation-portfolio', 'winklevoss-capital-portfolio', 'usv-portfolio', 'placeholder-ventures-portfolio', 'pantera-capital-portfolio', 'multicoin-capital-portfolio', 'paradigm-portfolio', 'injective-ecosystem', 'bnb-chain']",,121780057.874,121780057.874,,2,,,,2022-08-01T02:57:00.000Z,1693.7668775456884,14304595485.909218,-3.3293,-0.0195324,-0.17425143,11.1717486,62.27116769,-7.36062557,-40.40830049,206267028372.57822,18.9287,206267028372.58,,2022-08-01T02:57:00.000Z,,,,,,2022-07-31 22:58:52.475899
2,825,Tether,USDT,tether,36794,2015-02-25T00:00:00.000Z,"['payments', 'stablecoin', 'asset-backed-stablecoin', 'avalanche-ecosystem', 'solana-ecosystem', 'arbitrum-ecosytem', 'moonriver-ecosystem', 'injective-ecosystem', 'bnb-chain', 'usd-stablecoin']",,66197977707.256714,68158976390.68304,,3,,,,2022-08-01T02:57:00.000Z,1.0002930457256693,52005055121.24198,-7.9542,-0.00039692,0.00374646,0.02176903,0.13758164,0.10645636,0.02012901,66217376741.67178,6.0766,68178950087.38,,2022-08-01T02:57:00.000Z,1027.0,Ethereum,ETH,ethereum,0xdac17f958d2ee523a2206206994597c13d831ec7,2022-07-31 22:58:52.475899
3,3408,USD Coin,USDC,usd-coin,4988,2018-10-08T00:00:00.000Z,"['medium-of-exchange', 'stablecoin', 'asset-backed-stablecoin', 'fantom-ecosystem', 'arbitrum-ecosytem', 'moonriver-ecosystem', 'bnb-chain', 'usd-stablecoin']",,54492630960.73325,54492630960.73325,,4,,,,2022-08-01T02:57:00.000Z,0.9998300975433512,6619374233.070784,-1.2488,-0.01979571,-0.01912576,-0.01011972,-0.04007935,-0.04515026,-0.00041743,54483372528.86377,5.0003,54483372528.86,,2022-08-01T02:57:00.000Z,1027.0,Ethereum,ETH,ethereum,0xa0b86991c6218b36c1d19d4a2e9eb0ce3606eb48,2022-07-31 22:58:52.475899
4,1839,BNB,BNB,bnb,1043,2017-07-25T00:00:00.000Z,"['marketplace', 'centralized-exchange', 'payments', 'smart-contracts', 'alameda-research-portfolio', 'multicoin-capital-portfolio', 'moonriver-ecosystem', 'bnb-chain']",200000000.0,161337261.09,161337261.09,,5,,,,2022-08-01T02:57:00.000Z,287.92069108613606,1297008513.2969136,-15.7869,-0.09382874,-1.74670204,12.68495013,34.205733,-4.68058037,-26.27621028,46452335710.97717,4.2628,57584138217.23,,2022-08-01T02:57:00.000Z,,,,,,2022-07-31 22:58:52.475899
5,52,XRP,XRP,xrp,780,2013-08-04T00:00:00.000Z,"['medium-of-exchange', 'enterprise-solutions', 'binance-chain', 'arrington-xrp-capital-portfolio', 'galaxy-digital-portfolio', 'a16z-portfolio', 'pantera-capital-portfolio']",100000000000.0,48343101197.0,99989535142.0,,6,,,,2022-08-01T02:58:00.000Z,0.3820799357201497,1393399149.205779,-21.5475,-0.61257858,-2.29829453,9.55403555,22.69462925,-3.86001468,-38.41604692,18470928997.862453,1.6949,38207993572.01,,2022-08-01T02:58:00.000Z,,,,,,2022-07-31 22:58:52.475899
6,4687,Binance USD,BUSD,binance-usd,4179,2019-09-20T00:00:00.000Z,"['stablecoin', 'asset-backed-stablecoin', 'binance-chain', 'harmony-ecosystem', 'moonriver-ecosystem', 'bnb-chain', 'usd-stablecoin']",,17858623534.199257,17858623534.199257,,7,,,,2022-08-01T02:58:00.000Z,0.9994181791727252,6059999471.569966,-5.9089,0.01537222,0.00536371,-0.16924873,-0.01620075,-0.08364106,-0.1336098,17848233015.0806,1.6378,17848233015.08,,2022-08-01T02:58:00.000Z,1839.0,BNB,BNB,bnb,BUSD-BD1,2022-07-31 22:58:52.475899
7,2010,Cardano,ADA,cardano,526,2017-10-01T00:00:00.000Z,"['mineable', 'dpos', 'pos', 'platform', 'research', 'smart-contracts', 'staking', 'cardano-ecosystem', 'cardano', 'bnb-chain']",45000000000.0,33934048405.593,34512850428.993,,8,,,,2022-08-01T02:57:00.000Z,0.5225959270146359,867089340.4814806,-27.2385,-0.32614017,-1.52284269,5.80428028,16.98640685,-8.34002224,-33.34406768,17733795483.880398,1.6273,23516816715.66,,2022-08-01T02:57:00.000Z,,,,,,2022-07-31 22:58:52.475899
8,5426,Solana,SOL,solana,352,2020-04-10T00:00:00.000Z,"['pos', 'platform', 'solana-ecosystem', 'cms-holdings-portfolio', 'kenetic-capital-portfolio', 'alameda-research-portfolio', 'multicoin-capital-portfolio', 'okex-blockdream-ventures-portfolio']",,346159144.52234894,511616946.142289,,9,,,,2022-08-01T02:57:00.000Z,42.827862557847844,1317722607.2671993,-31.0836,-0.10691428,-1.33160691,10.469742,32.78861489,7.9400536,-51.33420695,14825256264.745348,1.3604,21911460251.65,,2022-08-01T02:57:00.000Z,,,,,,2022-07-31 22:58:52.475899
9,74,Dogecoin,DOGE,dogecoin,515,2013-12-15T00:00:00.000Z,"['mineable', 'pow', 'scrypt', 'medium-of-exchange', 'memes', 'payments', 'doggone-doggerel', 'bnb-chain']",,132670764299.89409,132670764299.89409,,10,,,,2022-08-01T02:58:00.000Z,0.06993179291231175,547660083.9044558,-26.2004,0.80703914,-0.29825192,8.09725692,5.65407164,-13.59133043,-46.78153801,9277904414.538315,0.8514,9277904414.54,,2022-08-01T02:58:00.000Z,,,,,,2022-07-31 22:58:52.475899
10,6636,Polkadot,DOT,polkadot-new,369,2020-08-19T00:00:00.000Z,"['substrate', 'polkadot', 'binance-chain', 'polkadot-ecosystem', 'three-arrows-capital-portfolio', 'polychain-capital-portfolio', 'arrington-xrp-capital-portfolio', 'blockchain-capital-portfolio', 'boostvc-portfolio', 'cms-holdings-portfolio', 'coinfund-portfolio', 'fabric-ventures-portfolio', 'fenbushi-capital-portfolio', 'hashkey-capital-portfolio', 'kenetic-capital-portfolio', '1confirmation-portfolio', 'placeholder-ventures-portfolio', 'pantera-capital-portfolio', 'exnetwork-capital-portfolio', 'web3', 'spartan-group', 'injective-ecosystem', 'bnb-chain']",,987579314.957085,1103303471.382273,,11,904869778.0,8015927019.7299795,,2022-08-01T02:58:00.000Z,8.858652609049763,1012488473.463509,23.1057,0.32406811,7.55941462,25.20810747,33.13910091,-6.61154911,-41.20177208,8748622075.088158,0.8029,9773782175.33,,2022-08-01T02:58:00.000Z,,,,,,2022-07-31 22:58:52.475899
11,3890,Polygon,MATIC,polygon,432,2019-04-28T00:00:00.000Z,"['platform', 'enterprise-solutions', 'scaling', 'state-channel', 'coinbase-ventures-portfolio', 'binance-launchpad', 'binance-labs-portfolio', 'polygon-ecosystem', 'moonriver-ecosystem', 'injective-ecosystem', 'bnb-chain']",10000000000.0,8034803942.62,10000000000.0,,12,,,,2022-08-01T02:57:00.000Z,0.9303205102410121,993701166.1044139,-1.394,-0.60113141,-4.57151308,8.60714182,106.14051834,54.68619241,-14.247978,7474942903.584734,0.686,9303205102.41,,2022-08-01T02:57:00.000Z,,,,,,2022-07-31 22:58:52.475899
12,4943,Dai,DAI,multi-collateral-dai,1050,2019-11-22T00:00:00.000Z,"['defi', 'stablecoin', 'ethereum-ecosystem', 'avalanche-ecosystem', 'polygon-ecosystem', 'fantom-ecosystem', 'arbitrum-ecosytem', 'harmony-ecosystem', 'moonriver-ecosystem', 'bnb-chain', 'usd-stablecoin']",,7439242447.457701,7439242447.457701,,13,,,,2022-08-01T02:57:00.000Z,0.9998251386380504,1267293427.692467,201.7788,0.01038498,0.06221377,0.016831,0.03093588,-0.05694987,0.01505019,7437941611.391465,0.6825,7437941611.39,,2022-08-01T02:57:00.000Z,1027.0,Ethereum,ETH,ethereum,0x6b175474e89094c44da98b954eedeac495271d0f,2022-07-31 22:58:52.475899
13,5805,Avalanche,AVAX,avalanche,290,2020-07-13T00:00:00.000Z,"['defi', 'smart-contracts', 'three-arrows-capital-portfolio', 'polychain-capital-portfolio', 'avalanche-ecosystem', 'cms-holdings-portfolio', 'dragonfly-capital-portfolio', 'moonriver-ecosystem', 'injective-ecosystem', 'bnb-chain']",720000000.0,284343588.03058505,404229626.49901325,,14,,,,2022-08-01T02:57:00.000Z,23.995139604291627,568754860.469579,-22.4278,-0.38092403,-1.87038544,7.54560099,48.12607698,2.7625221,-60.86069289,6822864090.379074,0.6261,17276500515.09,,2022-08-01T02:57:00.000Z,,,,,,2022-07-31 22:58:52.475899
14,5994,Shiba Inu,SHIB,shiba-inu,379,2020-08-01T00:00:00.000Z,"['memes', 'ethereum-ecosystem', 'doggone-doggerel']",,549063278876301.94,589735030408322.8,,15,,,,2022-08-01T02:57:00.000Z,1.2242374750602844e-05,526807404.09119874,-22.3844,1.07898996,2.00080765,9.17168571,23.30851042,12.39148316,-41.2919009,6721838421.798447,0.6168,7219757245.82,,2022-08-01T02:57:00.000Z,1027.0,Ethereum,ETH,ethereum,0x95ad61b0a150d79219dcf64e1e6cc01f0b64c4ce,2022-07-31 22:58:52.475899
1,Bitcoin,BTC,bitcoin,9648,2013-04-28T00:00:00.000Z,"['mineable', 'pow', 'sha-256', 'store-of-value', 'state-channel', 'coinbase-ventures-portfolio', 'three-arrows-capital-portfolio', 'polychain-capital-portfolio', 'binance-labs-portfolio', 'blockchain-capital-portfolio', 'boostvc-portfolio', 'cms-holdings-portfolio', 'dcg-portfolio', 'dragonfly-capital-portfolio', 'electric-capital-portfolio', 'fabric-ventures-portfolio', 'framework-ventures-portfolio', 'galaxy-digital-portfolio', 'huobi-capital-portfolio', 'alameda-research-portfolio', 'a16z-portfolio', '1confirmation-portfolio', 'winklevoss-capital-portfolio', 'usv-portfolio', 'placeholder-ventures-portfolio', 'pantera-capital-portfolio', 'multicoin-capital-portfolio', 'paradigm-portfolio']",21000000.0,19109012.0,19109012.0,,1,,,,2022-08-01T03:55:00.000Z,23381.229763507483,22709379751.91493,-17.7907,-0.10701729,-1.5470805,7.0242014,22.29237301,-21.32545535,-39.25917416,446792200125.62164,41.053,491005825033.66,,2022-08-01T03:55:00.000Z,,,,,,2022-07-31 23:55:49.974137
1027,Ethereum,ETH,ethereum,5869,2015-08-07T00:00:00.000Z,"['mineable', 'pow', 'smart-contracts', 'ethereum-ecosystem', 'coinbase-ventures-portfolio', 'three-arrows-capital-portfolio', 'polychain-capital-portfolio', 'binance-labs-portfolio', 'blockchain-capital-portfolio', 'boostvc-portfolio', 'cms-holdings-portfolio', 'dcg-portfolio', 'dragonfly-capital-portfolio', 'electric-capital-portfolio', 'fabric-ventures-portfolio', 'framework-ventures-portfolio', 'hashkey-capital-portfolio', 'kenetic-capital-portfolio', 'huobi-capital-portfolio', 'alameda-research-portfolio', 'a16z-portfolio', '1confirmation-portfolio', 'winklevoss-capital-portfolio', 'usv-portfolio', 'placeholder-ventures-portfolio', 'pantera-capital-portfolio', 'multicoin-capital-portfolio', 'paradigm-portfolio', 'injective-ecosystem', 'bnb-chain']",,121780057.874,121780057.874,,2,,,,2022-08-01T03:54:00.000Z,1690.5847756086216,14108962677.740147,-3.7075,-0.16338155,-0.2105377,11.89207482,62.73075265,-6.89824579,-40.63133527,205879511814.52124,18.917,205879511814.52,,2022-08-01T03:54:00.000Z,,,,,,2022-07-31 23:55:49.974137
825,Tether,USDT,tether,36794,2015-02-25T00:00:00.000Z,"['payments', 'stablecoin', 'asset-backed-stablecoin', 'avalanche-ecosystem', 'solana-ecosystem', 'arbitrum-ecosytem', 'moonriver-ecosystem', 'injective-ecosystem', 'bnb-chain', 'usd-stablecoin']",,66197977707.256714,68158976390.68304,,3,,,,2022-08-01T03:54:00.000Z,1.0002945717863865,51245574968.05098,-8.8598,-2.882e-05,0.00100413,0.02457717,0.13028783,0.09786916,0.02118104,66217477763.805115,6.0843,68179054102.12,,2022-08-01T03:54:00.000Z,1027.0,Ethereum,ETH,ethereum,0xdac17f958d2ee523a2206206994597c13d831ec7,2022-07-31 23:55:49.974137
3408,USD Coin,USDC,usd-coin,4988,2018-10-08T00:00:00.000Z,"['medium-of-exchange', 'stablecoin', 'asset-backed-stablecoin', 'fantom-ecosystem', 'arbitrum-ecosytem', 'moonriver-ecosystem', 'bnb-chain', 'usd-stablecoin']",,54492630960.73325,54492630960.73325,,4,,,,2022-08-01T03:54:00.000Z,0.9998945185485337,6611587556.174157,-1.0967,0.00427962,-0.02064318,-0.00235657,-0.03372106,-0.02179094,-0.01423273,54486882998.9253,5.0083,54486882998.93,,2022-08-01T03:54:00.000Z,1027.0,Ethereum,ETH,ethereum,0xa0b86991c6218b36c1d19d4a2e9eb0ce3606eb48,2022-07-31 23:55:49.974137
1839,BNB,BNB,bnb,1043,2017-07-25T00:00:00.000Z,"['marketplace', 'centralized-exchange', 'payments', 'smart-contracts', 'alameda-research-portfolio', 'multicoin-capital-portfolio', 'moonriver-ecosystem', 'bnb-chain']",200000000.0,161337261.09,161337261.09,,5,,,,2022-08-01T03:54:00.000Z,287.5341193115482,1287032232.7359195,-15.8421,-0.09760626,-1.83807095,12.75660857,33.95699806,-4.27062747,-26.47326823,46389967279.65046,4.2625,57506823862.31,,2022-08-01T03:54:00.000Z,,,,,,2022-07-31 23:55:49.974137
52,XRP,XRP,xrp,780,2013-08-04T00:00:00.000Z,"['medium-of-exchange', 'enterprise-solutions', 'binance-chain', 'arrington-xrp-capital-portfolio', 'galaxy-digital-portfolio', 'a16z-portfolio', 'pantera-capital-portfolio']",100000000000.0,48343101197.0,99989535142.0,,6,,,,2022-08-01T03:55:00.000Z,0.3810936189316444,1408846060.6422384,-20.5547,-0.19018875,-1.89741162,9.95258182,22.2047663,-3.45097187,-38.81671366,18423247385.54344,1.6928,38109361893.16,,2022-08-01T03:55:00.000Z,,,,,,2022-07-31 23:55:49.974137
4687,Binance USD,BUSD,binance-usd,4180,2019-09-20T00:00:00.000Z,"['stablecoin', 'asset-backed-stablecoin', 'binance-chain', 'harmony-ecosystem', 'moonriver-ecosystem', 'bnb-chain', 'usd-stablecoin']",,17858623534.199257,17858623534.199257,,7,,,,2022-08-01T03:54:00.000Z,0.9988735865400062,6115572227.798973,-4.5845,-0.26682316,-0.21076558,-0.19908168,-0.26041429,-0.11102872,-0.1969672,17838507340.273373,1.6402,17838507340.27,,2022-08-01T03:54:00.000Z,1839.0,BNB,BNB,bnb,BUSD-BD1,2022-07-31 23:55:49.974137
2010,Cardano,ADA,cardano,526,2017-10-01T00:00:00.000Z,"['mineable', 'dpos', 'pos', 'platform', 'research', 'smart-contracts', 'staking', 'cardano-ecosystem', 'cardano', 'bnb-chain']",45000000000.0,33934048405.593,34512850428.993,,8,,,,2022-08-01T03:54:00.000Z,0.5207226308501176,859365471.4421992,-26.9833,-0.34585432,-1.48051012,5.63981505,16.73450076,-7.86747302,-33.99865059,17670226961.155624,1.6247,23432518388.26,,2022-08-01T03:54:00.000Z,,,,,,2022-07-31 23:55:49.974137
5426,Solana,SOL,solana,352,2020-04-10T00:00:00.000Z,"['pos', 'platform', 'solana-ecosystem', 'cms-holdings-portfolio', 'kenetic-capital-portfolio', 'alameda-research-portfolio', 'multicoin-capital-portfolio', 'okex-blockdream-ventures-portfolio']",,346159144.52234894,511616946.142289,,9,,,,2022-08-01T03:54:00.000Z,42.84108289086203,1296645799.5123384,-31.5483,0.05853985,-0.80166889,12.92204791,33.08832963,9.62704635,-51.48058895,14829832603.91184,1.3636,21918223998.05,,2022-08-01T03:54:00.000Z,,,,,,2022-07-31 23:55:49.974137
74,Dogecoin,DOGE,dogecoin,515,2013-12-15T00:00:00.000Z,"['mineable', 'pow', 'scrypt', 'medium-of-exchange', 'memes', 'payments', 'doggone-doggerel', 'bnb-chain']",,132670764299.89409,132670764299.89409,,10,,,,2022-08-01T03:55:00.000Z,0.0697780557485091,547497599.9346329,-25.9994,-0.07849491,-0.8111222,8.08107169,5.00577689,-13.42252679,-46.90735787,9257507987.51532,0.8509,9257507987.52,,2022-08-01T03:55:00.000Z,,,,,,2022-07-31 23:55:49.974137
6636,Polkadot,DOT,polkadot-new,369,2020-08-19T00:00:00.000Z,"['substrate', 'polkadot', 'binance-chain', 'polkadot-ecosystem', 'three-arrows-capital-portfolio', 'polychain-capital-portfolio', 'arrington-xrp-capital-portfolio', 'blockchain-capital-portfolio', 'boostvc-portfolio', 'cms-holdings-portfolio', 'coinfund-portfolio', 'fabric-ventures-portfolio', 'fenbushi-capital-portfolio', 'hashkey-capital-portfolio', 'kenetic-capital-portfolio', '1confirmation-portfolio', 'placeholder-ventures-portfolio', 'pantera-capital-portfolio', 'exnetwork-capital-portfolio', 'web3', 'spartan-group', 'injective-ecosystem', 'bnb-chain']",,987579314.957085,1103303471.382273,,11,904869778.0,7985324493.807803,,2022-08-01T03:54:00.000Z,8.824832796888707,1008069707.9534909,26.4679,-0.23475967,7.75121859,25.23274123,32.32867176,-6.32416215,-41.70820572,8715222328.162165,0.8011,9736468659.18,,2022-08-01T03:54:00.000Z,,,,,,2022-07-31 23:55:49.974137
3890,Polygon,MATIC,polygon,432,2019-04-28T00:00:00.000Z,"['platform', 'enterprise-solutions', 'scaling', 'state-channel', 'coinbase-ventures-portfolio', 'binance-launchpad', 'binance-labs-portfolio', 'polygon-ecosystem', 'moonriver-ecosystem', 'injective-ecosystem', 'bnb-chain']",10000000000.0,8034803942.62,10000000000.0,,12,,,,2022-08-01T03:54:00.000Z,0.9310106260691839,952078524.021347,-8.5259,0.121748,-5.01633612,11.73932896,106.36400423,56.21235124,-14.63820007,7480487848.961794,0.6873,9310106260.69,,2022-08-01T03:54:00.000Z,,,,,,2022-07-31 23:55:49.974137
4943,Dai,DAI,multi-collateral-dai,1050,2019-11-22T00:00:00.000Z,"['defi', 'stablecoin', 'ethereum-ecosystem', 'avalanche-ecosystem', 'polygon-ecosystem', 'fantom-ecosystem', 'arbitrum-ecosytem', 'harmony-ecosystem', 'moonriver-ecosystem', 'bnb-chain', 'usd-stablecoin']",,7439242447.457701,7439242447.457701,,13,,,,2022-08-01T03:54:00.000Z,0.9995890636378325,1253493650.8546948,199.0195,-0.00863723,-0.00480144,-0.02477183,-0.03447793,0.01267891,-0.0570313,7436185392.22906,0.6837,7436185392.23,,2022-08-01T03:54:00.000Z,1027.0,Ethereum,ETH,ethereum,0x6b175474e89094c44da98b954eedeac495271d0f,2022-07-31 23:55:49.974137
5805,Avalanche,AVAX,avalanche,290,2020-07-13T00:00:00.000Z,"['defi', 'smart-contracts', 'three-arrows-capital-portfolio', 'polychain-capital-portfolio', 'avalanche-ecosystem', 'cms-holdings-portfolio', 'dragonfly-capital-portfolio', 'moonriver-ecosystem', 'injective-ecosystem', 'bnb-chain']",720000000.0,284343588.03058505,404229626.49901325,,14,,,,2022-08-01T03:54:00.000Z,24.03507469069162,557005133.8250419,-23.0916,0.19960672,-1.56989323,9.61788772,49.97511056,5.38978168,-60.89624171,6834219376.134359,0.628,17305253777.3,,2022-08-01T03:54:00.000Z,,,,,,2022-07-31 23:55:49.974137
5994,Shiba Inu,SHIB,shiba-inu,379,2020-08-01T00:00:00.000Z,"['memes', 'ethereum-ecosystem', 'doggone-doggerel']",,549063278876301.94,589735030408322.8,,15,,,,2022-08-01T03:54:00.000Z,1.2269832978508307e-05,537185510.7967956,-20.4307,0.30986965,2.19576267,9.68978008,23.38097078,13.66988758,-41.18797092,6736914726.444353,0.619,7235950324.69,,2022-08-01T03:54:00.000Z,1027.0,Ethereum,ETH,ethereum,0x95ad61b0a150d79219dcf64e1e6cc01f0b64c4ce,2022-07-31 23:55:49.974137
1,Bitcoin,BTC,bitcoin,9648,2013-04-28T00:00:00.000Z,"['mineable', 'pow', 'sha-256', 'store-of-value', 'state-channel', 'coinbase-ventures-portfolio', 'three-arrows-capital-portfolio', 'polychain-capital-portfolio', 'binance-labs-portfolio', 'blockchain-capital-portfolio', 'boostvc-portfolio', 'cms-holdings-portfolio', 'dcg-portfolio', 'dragonfly-capital-portfolio', 'electric-capital-portfolio', 'fabric-ventures-portfolio', 'framework-ventures-portfolio', 'galaxy-digital-portfolio', 'huobi-capital-portfolio', 'alameda-research-portfolio', 'a16z-portfolio', '1confirmation-portfolio', 'winklevoss-capital-portfolio', 'usv-portfolio', 'placeholder-ventures-portfolio', 'pantera-capital-portfolio', 'multicoin-capital-portfolio', 'paradigm-portfolio']",21000000.0,19109012.0,19109012.0,,1,,,,2022-08-01T03:55:00.000Z,23381.229763507483,22709379751.91493,-17.7907,-0.10701729,-1.5470805,7.0242014,22.29237301,-21.32545535,-39.25917416,446792200125.62164,41.053,491005825033.66,,2022-08-01T03:55:00.000Z,,,,,,2022-07-31 23:56:00.108599
1027,Ethereum,ETH,ethereum,5869,2015-08-07T00:00:00.000Z,"['mineable', 'pow', 'smart-contracts', 'ethereum-ecosystem', 'coinbase-ventures-portfolio', 'three-arrows-capital-portfolio', 'polychain-capital-portfolio', 'binance-labs-portfolio', 'blockchain-capital-portfolio', 'boostvc-portfolio', 'cms-holdings-portfolio', 'dcg-portfolio', 'dragonfly-capital-portfolio', 'electric-capital-portfolio', 'fabric-ventures-portfolio', 'framework-ventures-portfolio', 'hashkey-capital-portfolio', 'kenetic-capital-portfolio', 'huobi-capital-portfolio', 'alameda-research-portfolio', 'a16z-portfolio', '1confirmation-portfolio', 'winklevoss-capital-portfolio', 'usv-portfolio', 'placeholder-ventures-portfolio', 'pantera-capital-portfolio', 'multicoin-capital-portfolio', 'paradigm-portfolio', 'injective-ecosystem', 'bnb-chain']",,121780057.874,121780057.874,,2,,,,2022-08-01T03:54:00.000Z,1690.5847756086216,14108962677.740147,-3.7075,-0.16338155,-0.2105377,11.89207482,62.73075265,-6.89824579,-40.63133527,205879511814.52124,18.917,205879511814.52,,2022-08-01T03:54:00.000Z,,,,,,2022-07-31 23:56:00.108599
825,Tether,USDT,tether,36794,2015-02-25T00:00:00.000Z,"['payments', 'stablecoin', 'asset-backed-stablecoin', 'avalanche-ecosystem', 'solana-ecosystem', 'arbitrum-ecosytem', 'moonriver-ecosystem', 'injective-ecosystem', 'bnb-chain', 'usd-stablecoin']",,66197977707.256714,68158976390.68304,,3,,,,2022-08-01T03:54:00.000Z,1.0002945717863865,51245574968.05098,-8.8598,-2.882e-05,0.00100413,0.02457717,0.13028783,0.09786916,0.02118104,66217477763.805115,6.0843,68179054102.12,,2022-08-01T03:54:00.000Z,1027.0,Ethereum,ETH,ethereum,0xdac17f958d2ee523a2206206994597c13d831ec7,2022-07-31 23:56:00.108599
3408,USD Coin,USDC,usd-coin,4988,2018-10-08T00:00:00.000Z,"['medium-of-exchange', 'stablecoin', 'asset-backed-stablecoin', 'fantom-ecosystem', 'arbitrum-ecosytem', 'moonriver-ecosystem', 'bnb-chain', 'usd-stablecoin']",,54492630960.73325,54492630960.73325,,4,,,,2022-08-01T03:54:00.000Z,0.9998945185485337,6611587556.174157,-1.0967,0.00427962,-0.02064318,-0.00235657,-0.03372106,-0.02179094,-0.01423273,54486882998.9253,5.0083,54486882998.93,,2022-08-01T03:54:00.000Z,1027.0,Ethereum,ETH,ethereum,0xa0b86991c6218b36c1d19d4a2e9eb0ce3606eb48,2022-07-31 23:56:00.108599
1839,BNB,BNB,bnb,1043,2017-07-25T00:00:00.000Z,"['marketplace', 'centralized-exchange', 'payments', 'smart-contracts', 'alameda-research-portfolio', 'multicoin-capital-portfolio', 'moonriver-ecosystem', 'bnb-chain']",200000000.0,161337261.09,161337261.09,,5,,,,2022-08-01T03:54:00.000Z,287.5341193115482,1287032232.7359195,-15.8421,-0.09760626,-1.83807095,12.75660857,33.95699806,-4.27062747,-26.47326823,46389967279.65046,4.2625,57506823862.31,,2022-08-01T03:54:00.000Z,,,,,,2022-07-31 23:56:00.108599
52,XRP,XRP,xrp,780,2013-08-04T00:00:00.000Z,"['medium-of-exchange', 'enterprise-solutions', 'binance-chain', 'arrington-xrp-capital-portfolio', 'galaxy-digital-portfolio', 'a16z-portfolio', 'pantera-capital-portfolio']",100000000000.0,48343101197.0,99989535142.0,,6,,,,2022-08-01T03:55:00.000Z,0.3810936189316444,1408846060.6422384,-20.5547,-0.19018875,-1.89741162,9.95258182,22.2047663,-3.45097187,-38.81671366,18423247385.54344,1.6928,38109361893.16,,2022-08-01T03:55:00.000Z,,,,,,2022-07-31 23:56:00.108599
4687,Binance USD,BUSD,binance-usd,4180,2019-09-20T00:00:00.000Z,"['stablecoin', 'asset-backed-stablecoin', 'binance-chain', 'harmony-ecosystem', 'moonriver-ecosystem', 'bnb-chain', 'usd-stablecoin']",,17858623534.199257,17858623534.199257,,7,,,,2022-08-01T03:54:00.000Z,0.9988735865400062,6115572227.798973,-4.5845,-0.26682316,-0.21076558,-0.19908168,-0.26041429,-0.11102872,-0.1969672,17838507340.273373,1.6402,17838507340.27,,2022-08-01T03:54:00.000Z,1839.0,BNB,BNB,bnb,BUSD-BD1,2022-07-31 23:56:00.108599
2010,Cardano,ADA,cardano,526,2017-10-01T00:00:00.000Z,"['mineable', 'dpos', 'pos', 'platform', 'research', 'smart-contracts', 'staking', 'cardano-ecosystem', 'cardano', 'bnb-chain']",45000000000.0,33934048405.593,34512850428.993,,8,,,,2022-08-01T03:54:00.000Z,0.5207226308501176,859365471.4421992,-26.9833,-0.34585432,-1.48051012,5.63981505,16.73450076,-7.86747302,-33.99865059,17670226961.155624,1.6247,23432518388.26,,2022-08-01T03:54:00.000Z,,,,,,2022-07-31 23:56:00.108599
5426,Solana,SOL,solana,352,2020-04-10T00:00:00.000Z,"['pos', 'platform', 'solana-ecosystem', 'cms-holdings-portfolio', 'kenetic-capital-portfolio', 'alameda-research-portfolio', 'multicoin-capital-portfolio', 'okex-blockdream-ventures-portfolio']",,346159144.52234894,511616946.142289,,9,,,,2022-08-01T03:54:00.000Z,42.84108289086203,1296645799.5123384,-31.5483,0.05853985,-0.80166889,12.92204791,33.08832963,9.62704635,-51.48058895,14829832603.91184,1.3636,21918223998.05,,2022-08-01T03:54:00.000Z,,,,,,2022-07-31 23:56:00.108599
74,Dogecoin,DOGE,dogecoin,515,2013-12-15T00:00:00.000Z,"['mineable', 'pow', 'scrypt', 'medium-of-exchange', 'memes', 'payments', 'doggone-doggerel', 'bnb-chain']",,132670764299.89409,132670764299.89409,,10,,,,2022-08-01T03:55:00.000Z,0.0697780557485091,547497599.9346329,-25.9994,-0.07849491,-0.8111222,8.08107169,5.00577689,-13.42252679,-46.90735787,9257507987.51532,0.8509,9257507987.52,,2022-08-01T03:55:00.000Z,,,,,,2022-07-31 23:56:00.108599
6636,Polkadot,DOT,polkadot-new,369,2020-08-19T00:00:00.000Z,"['substrate', 'polkadot', 'binance-chain', 'polkadot-ecosystem', 'three-arrows-capital-portfolio', 'polychain-capital-portfolio', 'arrington-xrp-capital-portfolio', 'blockchain-capital-portfolio', 'boostvc-portfolio', 'cms-holdings-portfolio', 'coinfund-portfolio', 'fabric-ventures-portfolio', 'fenbushi-capital-portfolio', 'hashkey-capital-portfolio', 'kenetic-capital-portfolio', '1confirmation-portfolio', 'placeholder-ventures-portfolio', 'pantera-capital-portfolio', 'exnetwork-capital-portfolio', 'web3', 'spartan-group', 'injective-ecosystem', 'bnb-chain']",,987579314.957085,1103303471.382273,,11,904869778.0,7985324493.807803,,2022-08-01T03:54:00.000Z,8.824832796888707,1008069707.9534909,26.4679,-0.23475967,7.75121859,25.23274123,32.32867176,-6.32416215,-41.70820572,8715222328.162165,0.8011,9736468659.18,,2022-08-01T03:54:00.000Z,,,,,,2022-07-31 23:56:00.108599
3890,Polygon,MATIC,polygon,432,2019-04-28T00:00:00.000Z,"['platform', 'enterprise-solutions', 'scaling', 'state-channel', 'coinbase-ventures-portfolio', 'binance-launchpad', 'binance-labs-portfolio', 'polygon-ecosystem', 'moonriver-ecosystem', 'injective-ecosystem', 'bnb-chain']",10000000000.0,8034803942.62,10000000000.0,,12,,,,2022-08-01T03:54:00.000Z,0.9310106260691839,952078524.021347,-8.5259,0.121748,-5.01633612,11.73932896,106.36400423,56.21235124,-14.63820007,7480487848.961794,0.6873,9310106260.69,,2022-08-01T03:54:00.000Z,,,,,,2022-07-31 23:56:00.108599
4943,Dai,DAI,multi-collateral-dai,1050,2019-11-22T00:00:00.000Z,"['defi', 'stablecoin', 'ethereum-ecosystem', 'avalanche-ecosystem', 'polygon-ecosystem', 'fantom-ecosystem', 'arbitrum-ecosytem', 'harmony-ecosystem', 'moonriver-ecosystem', 'bnb-chain', 'usd-stablecoin']",,7439242447.457701,7439242447.457701,,13,,,,2022-08-01T03:54:00.000Z,0.9995890636378325,1253493650.8546948,199.0195,-0.00863723,-0.00480144,-0.02477183,-0.03447793,0.01267891,-0.0570313,7436185392.22906,0.6837,7436185392.23,,2022-08-01T03:54:00.000Z,1027.0,Ethereum,ETH,ethereum,0x6b175474e89094c44da98b954eedeac495271d0f,2022-07-31 23:56:00.108599
5805,Avalanche,AVAX,avalanche,290,2020-07-13T00:00:00.000Z,"['defi', 'smart-contracts', 'three-arrows-capital-portfolio', 'polychain-capital-portfolio', 'avalanche-ecosystem', 'cms-holdings-portfolio', 'dragonfly-capital-portfolio', 'moonriver-ecosystem', 'injective-ecosystem', 'bnb-chain']",720000000.0,284343588.03058505,404229626.49901325,,14,,,,2022-08-01T03:54:00.000Z,24.03507469069162,557005133.8250419,-23.0916,0.19960672,-1.56989323,9.61788772,49.97511056,5.38978168,-60.89624171,6834219376.134359,0.628,17305253777.3,,2022-08-01T03:54:00.000Z,,,,,,2022-07-31 23:56:00.108599
5994,Shiba Inu,SHIB,shiba-inu,379,2020-08-01T00:00:00.000Z,"['memes', 'ethereum-ecosystem', 'doggone-doggerel']",,549063278876301.94,589735030408322.8,,15,,,,2022-08-01T03:54:00.000Z,1.2269832978508307e-05,537185510.7967956,-20.4307,0.30986965,2.19576267,9.68978008,23.38097078,13.66988758,-41.18797092,6736914726.444353,0.619,7235950324.69,,2022-08-01T03:54:00.000Z,1027.0,Ethereum,ETH,ethereum,0x95ad61b0a150d79219dcf64e1e6cc01f0b64c4ce,2022-07-31 23:56:00.108599
